거래일자,1시,2시,3시,4시,5시,6시,7시,8시,9시,10시,11시,12시,13시,14시,15시,16시,17시,18시,19시,20시,21시,22시,23시,24시
2023-01-01,831297,791669,764382,747951,743485,750985,764083,774067,749461,686345,656076,650551,612025,591142,614664,641672,719686,824284,867002,867485,846129,821286,804508,792614
2023-01-02,751817,722317,695643,686117,690531,714578,745840,806745,872573,847297,801521,761482,717985,733680,740325,764678,842340,957639,988800,982803,964508,926876,899466,875701
2023-01-03,827209,783413,755915,742469,751797,767005,799054,840644,867595,876017,816617,771407,724979,728126,739651,769093,847209,952545,985725,976977,957502,924989,901624,886956
2023-01-04,831080,797260,771268,760540,764588,782259,821623,876602,888897,801718,744380,696617,649645,660180,674789,709686,793644,910138,961796,964079,942092,914858,894495,882114
2023-01-05,833089,792867,764571,750420,745376,765092,804400,861308,885661,807942,769511,740682,677616,691746,722068,741035,791514,885323,940842,939920,926090,902873,887816,874608
2023-01-06,823146,785004,758683,744618,731342,729145,765154,819809,883927,902107,808521,815994,802575,803412,794395,763052,809692,877611,900856,900072,877530,856078,841244,813641
2023-01-07,768487,750286,735131,726283,727548,740795,766854,799426,797134,716088,668425,630637,594130,594156,606120,643034,727823,849570,917513,917796,906901,886041,875048,868013
2023-01-08,829188,795342,775875,763830,763884,776907,799851,821407,780104,645292,590208,558291,538161,541600,559304,594583,666460,779463,867373,881381,874802,855578,838476,824200
2023-01-09,777864,742080,718015,704344,707857,726227,760012,813036,844761,792756,727942,693317,646804,681504,722834,746641,783419,858718,901709,904970,893312,871592,856956,848294
2023-01-10,800137,767326,746863,744726,749446,774695,812637,873538,882839,770794,705870,667670,630362,636641,655678,678852,743459,828217,886620,891977,886942,868213,843238,833475
2023-01-11,792719,763801,739039,727309,731015,750122,783660,835992,844097,737209,672541,627789,586506,594119,610666,643706,711332,806374,890476,902980,893122,870245,854647,838798
2023-01-12,786990,747476,719758,701326,692879,705213,722408,768967,782148,741210,771802,758154,763086,790920,798607,795593,808148,830716,840706,826384,804799,774727,752070,731669
2023-01-13,684700,643238,615075,602587,605907,616389,645495,690194,757841,799001,802703,772426,726072,752271,747768,745441,755808,781966,786240,777608,759247,738352,727700,716707
2023-01-14,673157,632087,609546,600962,601635,617808,633603,675511,696304,708554,683051,682484,675671,681501,683090,702372,734724,789069,805534,802912,795351,779305,768433,760961
2023-01-15,719307,688319,672983,655383,660409,676612,695029,729103,777479,795049,783540,798700,827992,798381,798831,841508,882545,911420,933236,918814,902829,874451,855940,845063
2023-01-16,801332,761783,740837,737556,745537,766101,803852,863897,915053,892768,872918,847765,813692,841349,843053,851105,902165,1006155,1038105,1021681,990754,954308,928646,909713
2023-01-17,848470,801363,788805,775205,771388,782952,809125,868967,957216,989497,931559,882338,869699,887330,892711,921481,941930,1008701,1022121,1009891,980776,940554,917095,898247
2023-01-18,850866,811552,781141,761494,758893,775791,813787,870264,936829,933197,859168,850792,812589,760197,779817,823470,877203,963489,1002149,989478,953966,921466,901154,887437
2023-01-19,827565,784586,756718,744766,745887,761429,796481,855366,918656,906517,880995,870496,819461,769017,755263,769111,807067,900605,976985,979997,958694,930238,915049,908468
2023-01-20,861165,820229,789753,771234,767297,782532,800928,839299,896746,880287,792397,750111,708219,700357,703273,727701,790777,919560,991625,997209,984218,959988,943511,932808
2023-01-21,896225,854104,821687,806492,806432,817106,836806,853123,845038,843660,808580,759612,694207,663108,656721,667567,740166,866360,943868,954084,948919,934861,924448,917972
2023-01-22,870320,831682,793354,757522,734316,733657,753004,777752,777841,732158,691035,694206,671922,708117,748087,785261,797847,807782,828583,825006,815291,804595,794785,790956
2023-01-23,751735,718229,694917,681981,692876,725108,749407,772254,732307,644123,640039,593702,531514,543510,598202,633583,684109,784830,847006,863568,856402,844997,843344,839114
2023-01-24,803599,777581,765202,766596,779395,798150,831272,867445,903178,924435,930035,898286,866605,902723,878727,928483,976536,1005287,1026892,1012918,989909,960697,940223,935734
2023-01-25,895566,861867,839563,827170,830217,846133,880815,928196,991499,1004120,919085,807550,736686,734806,760497,824220,912167,1012737,1043586,1047731,1037084,991173,952110,929868
2023-01-26,874050,833392,803271,787232,788255,796468,825640,875439,934923,930829,887838,816927,745118,758202,769470,798127,837732,912927,972626,972803,949974,920900,897555,873361
2023-01-27,826861,787650,761916,752714,757420,786051,822378,881074,972930,973414,1028440,1031638,1000219,965922,957389,995082,1055149,1076543,1065674,1044836,1014838,979988,958873,938073
2023-01-28,897799,860417,835135,821683,820899,830564,852315,881386,923898,946305,918928,822739,801008,825500,830119,852208,899945,975998,1011446,1000102,972019,938214,914935,907527
2023-01-29,857813,824847,811092,797381,793487,804923,824164,844656,856582,829410,824084,769277,745203,740838,741531,757891,820288,897647,949088,952259,948033,932982,916987,900914
2023-01-30,844688,806464,784611,779789,787208,806134,840038,891180,895954,811951,766822,714471,656853,663267,672932,701262,763000,885209,993897,1016714,1003659,976912,958943,946228
2023-01-31,898886,867229,842360,830092,835230,853756,889649,934579,910667,789068,736181,693709,643039,644453,650212,685267,742295,829354,915261,922683,899354,874676,861799,846898
2023-02-01,789074,744164,708870,692751,701660,727157,773881,836330,836137,743452,700306,654106,618356,642539,664137,710548,740808,837174,920989,938766,926142,909377,889061,869587
2023-02-02,823464,788948,770767,771939,781832,804646,846208,898484,882144,767310,715416,683634,646412,646442,663954,711518,806165,887486,965503,983741,961903,938103,907523,871723
2023-02-03,827194,778778,749252,732660,734805,755689,790106,839538,926655,867970,792985,734764,699411,717833,738740,763046,796248,894147,981975,983004,963127,933997,906516,893591
2023-02-04,852558,812522,788990,780936,782431,801010,829300,861496,816388,695261,644845,609096,579055,577288,592389,625836,714000,833196,938449,954413,940579,921269,910448,902520
2023-02-05,860900,825531,801582,789497,789943,803318,825867,840438,793482,685761,601541,566578,543172,535750,542394,571289,637142,755831,898978,933290,930964,915265,895862,874569
2023-02-06,822707,782416,756475,742427,740556,749782,782019,832295,885508,886443,848366,859511,867403,880370,872761,848901,918378,932526,934870,921188,901502,868471,847177,824713
2023-02-07,782784,746582,709761,699510,692562,710164,744083,795149,824249,832717,801010,704132,613568,619263,657945,658207,705168,779037,882389,912323,904305,891139,876121,865553
2023-02-08,821477,782454,762146,753735,752516,766554,804973,852238,808297,719047,678467,626702,585669,594062,608759,648576,702543,800904,904010,910815,891809,866414,856475,834333
2023-02-09,796017,756736,725971,711641,717491,727728,748879,798688,813072,797021,785315,764858,753682,773324,783823,829250,872292,903578,915192,901793,881223,853758,832728,809323
2023-02-10,767984,734250,717853,708265,700953,705693,727682,779296,833756,807338,741806,707281,693797,691195,701138,717018,758151,817852,894850,917023,902811,889420,875929,855123
2023-02-11,823270,789522,768579,755140,755757,763338,768301,775654,752209,723083,744832,757131,703798,695982,699361,737678,795966,830035,858213,851382,831236,810239,794680,789991
2023-02-12,753345,711699,690211,690890,698109,717594,732412,746698,683848,643101,666051,663004,685600,770122,785561,811445,827454,851036,862731,850083,826880,804145,783427,776072
2023-02-13,731298,695206,672120,657723,663889,687220,728191,784622,872483,921807,897361,851693,783497,772138,780324,795223,833738,858497,908349,915103,900336,875591,865833,851658
2023-02-14,807815,767795,747660,738882,737468,758641,791131,835639,823144,758548,725936,677096,612260,610742,620122,645827,717149,821553,934622,961922,953985,929655,912350,899756
2023-02-15,848413,804599,770900,765148,775072,792921,823196,864407,853336,801465,769578,757150,776959,807880,814717,830509,856601,905210,944349,947277,941076,907776,875858,855535
2023-02-16,817508,777341,752296,740434,735802,750618,780656,817485,844739,832573,821791,792487,782658,806386,807856,792568,805449,842984,916918,952854,935848,912829,901770,885491
2023-02-17,846882,808113,782726,764948,745002,749882,774211,818072,892207,902537,835177,769860,766438,815442,826214,850255,874491,887010,889757,879576,852888,820447,800940,780098
2023-02-18,729940,681466,651736,639217,641967,655758,682806,708241,722695,711265,709188,688416,682165,702804,724855,756470,781109,799902,809977,805487,788101,769905,760072,752739
2023-02-19,704307,667183,650402,644820,651354,675030,700686,726428,714291,681964,682052,660154,634660,648671,649564,656720,684427,771727,886966,924763,922652,905657,895007,876114
2023-02-20,838203,800524,780332,768284,772312,793188,830368,864884,795815,711737,673939,633818,614413,666958,684690,684671,735086,841759,955191,985936,976627,955182,944775,927792
2023-02-21,879559,840630,817317,809140,813320,833904,871999,913079,876324,783297,740331,691379,636183,643660,665214,702901,742781,843993,984864,1024913,1011269,979964,955056,928348
2023-02-22,881733,839853,809415,793232,779140,793861,830841,863954,799543,714934,710822,729692,746903,786970,809819,822551,853312,878867,905049,908366,885943,858565,842597,822658
2023-02-23,781471,749499,724007,710083,709565,728007,760379,805930,836903,835023,817341,790698,735780,747651,734389,740484,772955,833788,890898,909187,891178,864693,848145,833864
2023-02-24,786630,749241,724768,713677,711872,730909,765273,810394,842313,796769,742024,712416,664706,652152,645679,652937,687099,771681,888929,929894,921211,904235,893954,887443
2023-02-25,837441,801538,780299,768661,774724,792433,817421,830826,757240,692487,691365,656610,622167,609273,616615,630836,678504,804178,945991,978542,972469,955056,938003,923559
2023-02-26,880505,845513,824476,809050,808568,820200,840600,833063,706496,598468,565817,551311,537227,535785,542660,560554,604892,711782,862115,928019,930478,919387,903889,892456
2023-02-27,850210,815866,795281,787435,790338,812047,851199,869300,779488,698574,659920,618777,587975,598740,608447,635693,685585,761154,870800,928574,924388,904074,887495,868823
2023-02-28,823169,789253,767458,756684,757061,773695,806628,815782,733634,674581,631145,588057,571190,580432,581351,591290,647171,711591,816246,868446,861506,830525,799712,771273
2023-03-01,719558,677891,658335,643624,642982,657330,684143,706310,730218,745476,743549,730000,684764,689075,669898,652269,666540,728533,839064,886699,890760,878580,863469,851374
2023-03-02,810773,770402,753357,745189,747458,766507,813970,855228,788994,709769,674584,631400,605633,613149,616266,629679,683762,796891,936850,978953,965910,938193,919503,904100
2023-03-03,856321,821292,800028,789773,793041,808901,852407,865824,769060,692738,649837,619533,596056,619851,628370,665189,708399,768009,865054,903087,893973,870373,856852,840011
2023-03-04,790244,759508,742663,730903,744389,759889,776725,781368,695928,634570,604157,559394,533740,533754,536267,552314,602201,685248,802757,870927,876629,866548,856821,845892
2023-03-05,799351,766669,746875,736174,734651,748924,769474,750068,637415,564378,535765,515208,509093,525398,560841,623955,658824,713465,810893,854855,855169,841821,830096,818136
2023-03-06,776894,745871,727392,718075,722713,743938,784964,803443,728249,662325,627597,595933,569984,578739,580828,595726,634002,694699,793752,859285,862543,842782,829314,813912
2023-03-07,768781,732205,710823,697382,700632,724010,756337,767587,701811,650387,612734,567132,532537,538709,545582,575511,625289,689908,777101,833961,835739,819619,802024,791594
2023-03-08,752580,720930,703335,690231,688082,705480,740971,750378,669292,662752,628148,599912,564179,571726,576165,589161,631674,686384,749481,786974,780778,762904,740713,722821
2023-03-09,678247,641795,624721,619898,618872,636754,669118,692315,690285,657993,619214,585226,555915,570000,580576,589840,627754,683023,757789,813477,820464,804652,778531,746137
2023-03-10,701278,687607,681541,677744,685953,710823,746378,748893,663854,612634,580031,546990,519236,534573,548965,577532,622698,672552,745074,808014,815089,804853,794349,784094
2023-03-11,745695,717476,697381,685130,687949,706998,722884,696051,611965,555203,546444,521926,497104,503657,502077,533238,587878,641727,708749,753551,747224,736830,721959,698896
2023-03-12,655420,627633,604812,597409,590821,595969,605592,601822,574044,570544,593814,621358,648738,680899,727420,745136,782196,801445,832463,853659,851018,835613,835914,825766
2023-03-13,785873,757226,739496,733371,737360,762306,805495,825135,715285,650916,612728,582245,557265,564587,567375,584489,631979,706572,842447,929143,928721,908879,891247,873431
2023-03-14,828395,792577,769895,759298,758560,778315,810876,795198,680621,625415,594697,573450,542435,557994,561581,572162,608642,678363,776507,844826,842405,830824,809584,784409
2023-03-15,736134,702940,685814,679354,678370,691233,717506,700917,633114,606443,584079,571101,551257,566403,582335,594189,643442,693120,735337,777876,798446,791406,772463,736593
2023-03-16,706283,682275,660482,653058,665221,690954,733447,732930,662976,625183,591910,555839,537428,547441,551326,573608,614616,682673,775204,845248,845274,829692,811019,784724
2023-03-17,733596,694954,666097,647595,648456,666661,695480,720556,698837,690873,706470,690505,694227,780056,825064,844278,854751,880302,872426,870066,842971,813859,786238,769777
2023-03-18,727144,688706,665541,660002,664853,689554,721018,693657,610839,557402,532035,514222,501292,500877,505630,516824,555339,643322,766518,842854,843039,830169,807494,802413
2023-03-19,765293,732289,708066,689939,688094,705020,724166,691148,594636,534938,505376,492215,487775,493796,502160,523013,573481,643550,745506,825741,833481,824409,809760,796812
2023-03-20,755956,727795,713718,710046,713517,726116,741872,745737,683110,682083,679058,663377,677785,682446,679702,678680,682271,717688,757083,791651,786781,765616,745041,723410
2023-03-21,674644,638199,619531,614377,613822,634566,666385,714096,770838,784824,761480,743061,710564,682975,665721,675856,681620,725288,762844,784790,772856,751806,730775,710041
2023-03-22,662309,626982,610234,598660,600537,620976,651185,682766,688988,684742,694846,675781,670357,682187,716393,734827,749182,760078,769637,779624,764236,739551,717126,692859
2023-03-23,645166,610060,589986,580834,584984,602513,632930,670576,683956,683270,653746,669593,678961,688000,664218,665911,674673,705256,741751,773354,762127,749964,738699,719884
2023-03-24,668241,635216,614943,599513,600264,616523,654880,704942,755700,732459,692826,684557,709704,741729,745389,764641,795030,817471,820001,824947,810566,788525,768788,755685
2023-03-25,711595,677296,652227,637343,645868,657775,675337,687556,699730,676892,691939,686567,684081,662712,641523,640753,667863,722848,770197,795033,789691,779582,769575,759482
2023-03-26,713462,678669,655675,643737,644996,659881,679474,681898,646380,602996,551293,478951,465812,464836,472570,488256,543526,622728,738028,830417,843830,833389,823808,800907
2023-03-27,758671,722414,707081,689151,690091,704582,737955,752442,656066,607372,569456,541452,521257,531307,535210,553664,605142,673199,784494,874992,880271,866024,846366,830661
2023-03-28,787978,755616,737052,731208,734929,755828,783100,730985,640006,608208,574746,540809,521774,530065,543154,571920,616300,668802,750586,842268,848921,834479,815602,795076
2023-03-29,746399,712315,699050,692302,697251,714147,744414,702643,625328,594033,565581,535596,519868,528268,538772,570702,618903,666369,739257,825435,838903,827597,810038,794535
2023-03-30,761759,733664,718251,711465,712366,719729,728979,726813,685885,670328,618794,588232,570303,593576,596116,613884,673413,718314,765642,798581,791811,772020,754050,736357
2023-03-31,691052,662191,646181,638811,642507,665990,698703,674878,599929,571043,544059,524656,515154,534918,553499,565128,601876,653778,716131,799540,818639,811861,797176,778193
2023-04-01,736526,701425,677568,662547,650822,651474,668859,624706,584773,566464,535896,500907,495890,509192,505156,531186,565816,629078,687286,760556,779194,771971,755087,734674
2023-04-02,690763,664739,645203,638515,641878,663899,676520,600986,523570,493462,478393,469463,466104,468384,475822,496999,523488,602417,692471,769496,775462,768416,751938,734916
2023-04-03,696599,669290,650033,640579,643525,661350,675458,640546,600331,578732,555415,528095,512408,522096,523052,541956,595910,646403,710404,772459,773038,748796,725446,705188
2023-04-04,661558,621892,596411,578208,577068,593145,619363,633611,651012,669614,680085,664775,652752,670749,670425,682359,710032,740987,754524,764679,750672,729753,700039,686177
2023-04-05,650100,615790,593205,585282,588433,601228,630336,689000,750028,773667,778353,761164,725361,716000,693773,687960,704718,726325,761943,799139,801051,786577,773888,761563
2023-04-06,719596,687519,669633,656965,656363,667731,688374,688926,684665,684751,697051,684823,651925,660225,676114,670791,701171,747438,788620,819008,811244,789139,778852,761651
2023-04-07,720589,682085,663676,653185,658133,688591,713788,668777,624199,619056,593991,562786,560465,563796,597720,640413,661769,689656,759469,835866,837784,827227,824375,816189
2023-04-08,780585,748770,733913,728337,729582,749504,753532,653955,554535,517059,510823,485985,492431,496219,503265,517373,549207,624031,728575,832566,854795,848145,840670,827899
2023-04-09,791247,761832,744372,734802,737878,751685,746270,631821,522632,493212,486189,478901,472640,473867,477711,487599,527371,604927,699478,810084,842863,837282,821989,799013
2023-04-10,751784,712889,691331,680894,681597,701306,712592,647696,596493,574970,557191,556211,534083,540818,550449,567914,608689,654782,714544,793632,807512,794333,770835,744273
2023-04-11,692781,655463,632634,618374,605347,610566,630787,616532,602069,604759,594264,574806,551505,577992,613843,643376,679288,736391,755868,765808,756368,735189,722984,699060
2023-04-12,655672,635476,622167,623525,633425,652835,675757,638360,595116,573824,546515,535356,519643,533007,539213,550784,587974,647977,713386,815643,837873,826220,812853,801482
2023-04-13,754370,721270,700432,695873,702689,722874,725189,647084,604790,570504,548668,538250,526994,541009,543485,556487,597202,652952,707304,789299,802906,783166,758293,724135
2023-04-14,669491,631129,601503,597358,601097,615210,641385,674391,708189,751503,742940,710881,749078,771437,760411,752939,754644,782493,780331,796691,777646,754775,733156,714857
2023-04-15,669732,634451,614927,605482,610945,627398,641614,656529,637039,625173,634235,577120,534926,541640,544667,547173,594147,656681,692094,755807,778134,773720,762578,752723
2023-04-16,718716,689598,656830,641586,639425,664114,661238,590426,533545,549102,522997,495526,488219,483769,489750,498404,552334,620816,691188,782999,801027,794817,781012,766531
2023-04-17,730393,699951,684815,679977,683715,703616,708149,630185,589058,566019,545884,533838,525548,539036,534907,552088,598068,650763,697350,762649,775066,747643,708298,681216
2023-04-18,634115,600910,580793,567894,561585,577272,597605,606741,600715,607898,619187,612782,615071,638138,643761,649300,678782,705350,725405,753923,744865,722146,693141,674602
2023-04-19,626317,591692,568226,557282,557998,577424,601962,633814,650149,666883,632179,619385,589107,623755,651663,659501,680496,691835,701156,740514,741073,742988,725018,712911
2023-04-20,671687,639552,619301,605781,599895,625849,631887,594311,581464,566684,554433,532439,525315,544310,562975,593313,628465,665059,699266,742593,753689,737575,716652,692517
2023-04-21,646923,605296,585106,579347,573495,591081,606803,607356,613167,604527,574743,535209,526750,542273,548498,557865,604839,656432,693328,752650,768734,758562,738962,716697
2023-04-22,674708,644183,614287,594639,591414,603934,606418,566798,527092,506713,493580,485978,481411,486403,504534,519257,577492,623858,676654,754591,765645,752360,736597,720119
2023-04-23,679968,651736,634043,621945,622640,629268,612634,560634,559117,537935,563255,534982,493487,489113,510624,542714,570597,628022,678443,720858,732195,716631,697913,679156
2023-04-24,636971,607116,590908,583208,585293,598940,629084,673734,728680,740707,742492,730762,698071,698819,695222,701271,728774,765835,795650,802903,786608,756332,730768,707910
2023-04-25,665536,633819,617773,611913,613097,630617,660516,707667,738949,763573,746537,716353,702773,709730,728063,735924,772290,819839,821437,823600,807396,779059,751013,732725
2023-04-26,715019,695884,682316,674032,679250,697469,693488,613353,581171,577280,548030,539787,537744,542714,537824,552084,575780,642724,721257,818925,846103,832141,817325,807253
2023-04-27,765585,739298,721496,710170,707796,726507,716142,617945,598832,570769,559048,538947,524710,543510,540385,550207,595907,641913,691571,779369,811971,800214,786795,766480
2023-04-28,727602,697276,667169,659802,660157,665609,649340,595396,620595,638511,606463,580316,580335,602977,611222,624962,663967,699292,713584,739292,728984,710419,691877,666646
2023-04-29,621900,591155,574078,563305,563369,572822,587961,607579,610412,636782,658701,657047,662099,677253,668169,665604,684046,718891,739271,761193,769829,765015,743106,722527
2023-04-30,694265,665637,647684,651261,650207,661481,652072,555554,504855,482884,481387,471387,467668,471251,478142,492261,531274,595185,648748,721982,757696,759776,756563,742080
2023-05-01,697313,665456,642950,628166,624575,633735,624914,562419,529946,501249,512520,502296,494582,498980,502841,511321,544158,611433,661769,724407,752836,751441,739857,723991
2023-05-02,685161,656569,639711,630963,634480,647995,642755,586009,562404,551513,546314,539909,530825,546138,555724,561637,598276,647631,690865,751675,768640,759375,740995,713811
2023-05-03,659741,628898,610518,591958,588878,596054,593509,596053,641487,686105,686962,686280,684047,707349,716462,723114,753076,770354,775127,777674,757196,728089,702098,679368
2023-05-04,648893,609570,589727,582018,574677,583120,619373,680531,738618,766677,783935,775271,744340,773004,776160,766391,754195,764468,757553,763333,744010,714830,694962,675099
2023-05-05,632246,599620,578317,561807,561134,567298,584066,610640,647455,669778,683055,683435,682005,690488,683380,676394,680419,712537,726271,735668,725520,702263,680972,656779
2023-05-06,613022,583175,566890,555606,557419,565773,579175,585921,602569,612011,588801,558261,552341,553660,544647,593857,623889,660114,681914,703003,705600,695893,677757,662817
2023-05-07,626264,594061,575707,563292,561929,568230,586830,614903,658195,681329,684463,664119,690380,664331,672930,671389,670530,685552,707618,742020,747646,728770,711828,693390
2023-05-08,652883,630497,625923,618046,618738,630275,621322,587263,576671,571322,550577,546275,540378,557321,558131,576417,608029,637634,675994,743139,778421,766327,745566,723915
2023-05-09,684355,658553,638262,629436,631489,641370,624727,575002,559574,550284,543657,531550,520754,535408,539632,556735,583641,633824,676835,733756,763447,756685,740446,719412
2023-05-10,678835,644276,621839,612648,616178,621673,602246,568370,559965,550194,546586,539061,541046,549068,549535,562242,592751,641084,679440,720377,730399,714849,695666,675524
2023-05-11,636970,604483,584162,569992,578625,601996,590587,574410,589782,576841,565261,556062,539468,565031,607148,600827,618214,657041,685698,724793,742857,729128,715652,698994
2023-05-12,660841,631271,605603,580866,571125,582989,594343,610603,633084,616527,643521,652802,616174,627032,646810,650494,654666,686835,709817,727585,722834,712366,695541,679203
2023-05-13,639992,604501,583915,571124,570184,578827,594785,596654,617323,627735,631790,634262,625244,617219,604401,597228,599796,631272,662355,700173,717730,713626,701923,690508
2023-05-14,653318,626137,607397,598112,599710,607831,575336,525574,509446,510606,512700,508567,485801,510483,527390,545329,570450,612684,648258,692788,713251,706908,688862,666478
2023-05-15,627832,598399,580303,575645,577057,586275,587981,576463,584376,619072,704036,700986,650369,652966,597802,596307,624528,655170,680089,713539,726378,709605,677236,650481
2023-05-16,612910,590136,569457,565313,575281,588825,585496,573378,582809,579074,571519,566531,557121,576694,585176,607020,643425,682981,705932,730414,731914,707262,682331,657588
2023-05-17,613822,584794,566421,556343,557886,561960,557318,588867,604989,619216,619712,597520,594095,625974,636661,664447,682535,708802,721369,740017,730567,702278,674488,645821
2023-05-18,601847,568568,553971,546415,548165,559114,595077,647045,685028,708216,690530,667368,651568,664849,667722,683902,700947,720969,727538,743467,737435,715562,685046,662987
2023-05-19,617811,587229,564243,552999,551941,563700,583388,614296,646642,655433,648722,625181,605670,614233,594716,601569,634393,669901,690543,717455,725848,711891,691404,658208
2023-05-20,613697,582177,557970,545184,546518,553228,560130,557248,564979,557784,545317,543976,550419,552953,548478,568339,618229,638893,660732,687776,705064,693665,676706,656476
2023-05-21,620977,595294,575082,554811,542146,546185,549884,544907,545232,530647,504345,517659,494309,501614,528686,561512,577203,606763,644051,677086,695445,684579,664716,646564
2023-05-22,608650,580292,551096,532897,542334,556850,560242,572728,616023,670506,679887,672861,677321,680507,653395,654307,659293,667305,673517,715899,727715,713859,691373,668130
2023-05-23,631184,597275,578364,572690,569372,575279,580041,575367,579034,576034,565513,556404,544888,560778,565870,580808,613776,659872,687452,720545,734538,719946,697422,670902
2023-05-24,633846,600720,582129,572302,575225,586360,575145,578599,600855,596563,581981,585742,642193,678591,682030,684066,681281,691789,703284,722167,723757,700544,675409,648107
2023-05-25,606719,575405,556512,542486,545992,555894,571909,574808,580576,580244,571512,566657,556227,572568,579379,614536,643222,677727,688560,717227,715442,693841,673522,647046
2023-05-26,606598,576499,553813,537090,532467,541289,565472,608007,651994,645691,631956,596781,583565,602134,627220,650057,683252,711647,715874,732094,731318,702224,675600,646736
2023-05-27,606250,570492,548383,532637,529556,537079,557181,580436,595666,613323,628265,626697,622624,623405,638539,649885,661250,680473,697690,711443,711107,688140,662344,550747
2023-05-28,597826,560993,543414,527280,526485,531419,548948,563500,582066,606260,624059,616825,605086,608751,627588,635268,660048,689051,717465,738411,738144,710872,684868,654146
2023-05-29,605922,569321,547924,533918,527831,537425,560374,589041,616049,651749,678153,642886,639303,653958,670780,692587,712737,733067,750459,767062,754666,719114,684261,648985
2023-05-30,600994,565429,545693,532736,529778,537570,574240,629735,687743,733112,751416,739893,743370,761168,752667,758612,754881,760854,766074,765806,754717,718953,682438,650901
2023-05-31,607926,572943,552492,542737,540518,551318,587583,624415,670346,698084,695887,642596,624599,632121,633145,648762,657618,700339,721380,735643,734377,707356,679780,650878
2023-06-01,607032,571442,548554,532097,529805,538791,567784,609286,663176,693902,739470,746839,748686,763809,758498,751261,738810,761001,765975,772213,761496,726211,693681,653832
2023-06-02,619182,581977,558097,542284,537754,547746,579110,631685,687588,678382,675278,659743,626367,631959,646707,661635,685208,715717,729263,742097,744704,720088,693510,671891
2023-06-03,618938,582420,558141,546078,542083,551087,559536,559120,555738,553456,549214,545507,536255,542853,548809,566373,604018,652972,691653,710722,716177,700020,674418,646641
2023-06-04,603593,567962,547336,532138,529056,527316,544658,562042,576901,564768,570440,556624,564214,562242,552068,564103,597345,649144,680091,704445,709235,686264,656969,633501
2023-06-05,591392,557277,536708,523217,519614,528305,556252,599056,643653,677481,690270,697716,687898,698879,698619,696139,703249,715601,716603,722175,717959,690498,667779,641264
2023-06-06,601796,571605,549121,536245,533521,541021,564310,591703,622080,627863,657649,661283,634019,623160,602574,590512,601559,642054,676575,695672,707350,689656,668276,640554
2023-06-07,601303,568932,545678,532104,532222,538568,552044,573515,596367,637822,639220,604409,586372,594540,616549,621968,666639,694523,708139,730816,731556,704361,675079,645176
2023-06-08,603079,569051,549212,535239,529281,537940,568649,612966,665118,700141,713804,690534,635863,656699,669893,677843,698095,702752,727922,743910,745286,719815,687413,658364
2023-06-09,612465,576035,554214,541097,538532,550334,573668,599925,637611,658308,645199,633475,623881,658146,669205,657412,678944,715581,731876,747052,742936,715164,689128,661443
2023-06-10,614019,579348,558648,542790,541005,547432,556580,559455,571925,576073,572480,569644,578396,601145,636015,650368,672440,703406,744550,753590,750875,717286,682366,658027
2023-06-11,611836,577678,554304,539322,533377,535712,548467,567019,575450,585175,571036,598839,627525,605630,612290,643155,666391,706964,727989,739818,742954,713529,678674,646248
2023-06-12,599769,566333,546606,533270,530056,539583,567989,613766,675644,687677,695885,717198,702447,712014,715067,741674,758171,753739,762076,776275,772023,735851,699714,665416
2023-06-13,620616,582444,557189,542924,538803,546718,576781,619021,673336,687810,672205,686041,694178,674037,710647,672127,741351,750880,755754,769175,764493,732244,696840,661146
2023-06-14,615065,581123,556817,540817,536742,544870,578144,623546,666493,682022,656828,636515,637311,649901,675990,687705,711345,746486,762812,779247,774927,741883,704946,671254
2023-06-15,624166,585191,561092,545523,541989,551334,575038,606570,637825,657273,655100,652201,644079,663590,672266,686015,708730,741138,758125,769553,767059,735987,702825,669512
2023-06-16,625455,588912,563001,545927,544910,553088,573542,597329,629717,664799,660046,648569,644536,669875,685620,703841,733082,743500,749032,758397,761589,730362,701085,672759
2023-06-17,626915,589977,566332,549328,544326,551047,557693,578942,579119,586518,599116,604224,602723,612028,616969,642347,687897,734092,751685,765166,762925,733133,703358,670417
2023-06-18,626018,591846,564528,547722,542659,547846,564228,583599,604932,619163,606624,602776,623277,653695,661504,666034,680128,700602,718454,733314,737534,710735,678908,645320
2023-06-19,601804,571521,549577,534022,533177,544074,568512,598604,634328,660326,665585,669264,678062,693262,721449,746531,759613,782061,786401,797438,787927,747687,708997,673073
2023-06-20,628506,592857,568642,549540,544835,555107,578859,622045,688081,754123,788512,785020,781639,803636,803827,800601,787430,806793,807386,811652,804933,762253,721191,684613
2023-06-21,635759,595221,571888,557444,549088,557890,589678,642053,702210,729659,765552,766305,754624,764991,767672,754424,749539,757905,760734,768310,763872,730039,703158,665762
2023-06-22,620804,582423,561054,544606,541922,549883,581635,613162,645820,656692,652968,658797,658067,688186,711060,733244,735822,751326,752355,767746,771265,738769,706206,675775
2023-06-23,622861,588175,562502,546169,543243,554985,577184,608946,642578,667542,675241,660399,659465,672763,691270,711333,730926,770830,777641,790668,787619,750182,717285,685554
2023-06-24,636737,601792,576960,558961,552003,558444,576136,597403,617857,628892,643472,661220,641911,636528,672384,709403,723578,740327,747263,757865,762866,735873,705093,679206
2023-06-25,632164,590559,561912,542854,532454,531494,553818,585039,613505,644542,678303,693494,693821,705261,713436,712514,719778,743893,758937,761998,755639,719803,692245,653743
2023-06-26,612886,578371,556004,545968,543369,554333,593960,660137,736978,791843,818496,836510,825358,841189,838630,840845,843586,850300,844852,847740,838616,796697,759175,719822
2023-06-27,660248,619407,595823,578798,573016,582565,615316,680788,763443,829941,860028,862950,861077,867007,858483,843994,843290,853598,855360,862093,841552,800909,757686,717544
2023-06-28,667137,629009,597809,582067,580021,588081,625305,696200,766526,815615,833675,839537,830049,847525,841837,857744,875662,886826,889295,898008,885658,840500,792495,748830
2023-06-29,685322,635924,603874,589864,585892,592632,624081,695303,775049,842890,866752,880601,873471,869220,889170,882588,891052,902745,901365,905199,891176,850787,799546,755501
2023-06-30,695523,645917,612679,598076,589461,600334,641155,715885,796245,849077,877361,882111,871851,883339,865054,855772,849885,858095,853062,857846,848689,810294,769140,735697
2023-07-01,679512,638280,606896,588838,582673,587451,612754,644484,687420,736993,757770,763881,782045,786092,761308,738073,758966,794520,822810,834271,828829,795501,758766,722290
2023-07-02,672072,633219,603116,583817,576145,582995,601591,626646,651275,680031,715543,733667,742449,758038,743125,746365,783110,827099,848909,857659,855642,821415,779831,734261
2023-07-03,676092,635841,606621,591471,583840,591752,630737,707882,787230,835999,868305,881970,885442,893492,879211,875221,872991,878246,872286,873085,861638,821635,779005,736284
2023-07-04,681001,634924,604665,583618,575308,583815,623374,685837,769030,821152,855926,859546,856783,884692,877592,881188,894595,898458,909970,919763,903397,857535,814224,768603
2023-07-05,709085,665808,629035,609823,603248,608586,644543,712279,783648,826451,823121,794186,786049,794464,793625,805254,834854,870441,880835,879123,865359,824385,776540,731451
2023-07-06,675322,630643,601799,581628,574525,588410,622023,665778,711522,771490,769505,768422,758491,779423,782698,795497,833189,864655,867068,877448,871956,829414,783486,741489
2023-07-07,684337,639682,616151,597593,592830,599482,639134,708511,790404,850439,887606,899946,893365,918122,919420,914176,911166,905891,905757,909099,898186,856170,813327,773309
2023-07-08,710498,656996,628842,611806,606669,610312,635654,683117,739854,792134,840740,845642,843411,853010,842602,831261,808968,840359,857118,866884,860730,822468,785352,750003
2023-07-09,696860,648957,616048,600317,595978,601198,622446,657172,694980,729704,778366,771125,810597,847308,821032,834306,858005,878223,884241,888022,880907,840571,794189,745850
2023-07-10,684715,643405,614243,595982,596434,602603,642349,715892,805786,870524,891133,898227,899549,915949,899355,915329,926082,944377,955813,952468,931976,880763,827972,778445
2023-07-11,715489,664422,635697,621422,610241,619130,651705,728290,816301,868090,895849,898066,899111,920831,924876,940032,956431,968060,962195,960861,949507,900991,846546,796610
2023-07-12,730127,681385,654189,635156,626238,637382,677387,752287,822671,889440,913725,918140,911907,930414,946099,956239,976848,993895,992013,994112,975912,925808,871585,813877
2023-07-13,745283,696509,658043,637006,628854,638959,676781,751281,832070,902800,924420,922973,938984,963754,964007,959946,965602,970169,966100,972457,959815,913956,855965,805786
2023-07-14,740316,692693,655287,639462,629447,637736,676379,752660,837165,898686,917389,932037,918810,950574,952361,941439,942086,956315,954426,965216,956136,912642,858719,807075
2023-07-15,748907,696269,660865,638028,627396,635903,661361,704676,762972,821716,867891,881244,888119,887418,898410,903334,912253,936857,954702,963263,953835,918737,866615,813872
2023-07-16,750076,698994,665064,642287,632552,632359,654060,688380,738675,799937,836320,842395,859694,854311,860587,843955,864329,901602,913965,918238,917189,883183,834965,780705
2023-07-17,721576,674378,639029,620412,616641,626654,670590,750671,829061,890880,954123,969365,954729,945528,952501,943222,951063,960276,957165,957605,939950,891166,836157,787351
2023-07-18,727951,677642,645964,624122,609778,623651,662423,736139,820510,873592,901266,911629,925571,932893,945272,968054,957731,953627,952635,950592,935336,884621,832995,784504
2023-07-19,718322,667827,633689,611721,603165,610387,646331,703852,779973,837921,854987,847778,835674,857316,872517,865470,883366,884778,892966,903785,894467,853933,810780,763933
2023-07-20,700956,658998,625854,605083,598217,609881,649971,713010,785370,849720,886031,889843,875192,886702,901812,883203,881056,894469,899026,909936,897075,853543,809059,760880
2023-07-21,701408,653660,620504,603248,597120,603979,635288,693152,768970,802720,842065,887617,896125,911233,881554,882279,882405,894906,900204,911723,904159,865715,818866,778359
2023-07-22,715916,671390,642019,615795,607638,613525,627286,662599,724574,773033,800615,820516,824680,834672,845245,830678,832827,860853,884885,893475,886061,848370,810410,770020
2023-07-23,713637,667743,638406,619432,611861,617264,635557,671541,712081,776243,814159,825189,815641,830766,844943,850931,854281,878482,896173,909681,899902,863014,813887,760278
2023-07-24,703302,664645,632528,612385,607099,615939,657851,719485,807548,880362,894119,903045,916882,936687,929663,904689,899298,902944,907536,917123,900581,852610,807122,757349
2023-07-25,697611,651920,622370,605783,600314,608142,643955,705354,798097,843380,849529,885468,890984,885582,909505,888042,891552,909162,923601,931516,924198,879867,828513,779891
2023-07-26,719359,668977,638964,616987,610846,619061,657870,718120,802416,874730,904638,918405,911947,932952,937008,930463,960338,996746,1006080,1010906,991750,940533,876455,809968
2023-07-27,739711,688929,656810,637406,630081,635793,674697,735286,819126,886614,924925,938613,926559,956409,988580,978588,996111,1023314,1022796,1026984,1006310,953066,894972,841857
2023-07-28,767861,714347,676495,655195,645792,653402,684752,748047,841814,910138,960444,973187,981155,1005622,996113,962272,938937,947750,950608,964506,951021,908216,859949,810048
2023-07-29,746935,698900,664166,642565,633447,639233,664679,700357,763126,818314,857488,874579,858695,873801,872476,884432,913590,962207,987226,987840,970962,926548,868904,812584
2023-07-30,745548,693192,655735,632233,623414,628887,651405,682775,724147,768039,798108,810157,815096,839563,852396,878175,908862,956125,969812,977832,970641,929415,870902,809157
2023-07-31,740560,690071,656096,635114,626490,637393,672807,742630,836479,889245,934063,934717,939212,964898,968740,965946,999502,1028930,1036093,1030152,1004691,952875,891262,830009
2023-08-01,760685,713675,676465,651566,638496,648578,686992,746903,839057,919840,958886,957098,955175,979921,989967,1006339,1022219,1054827,1061166,1062528,1039105,982049,916912,849314
2023-08-02,775501,722059,685132,659351,650199,663673,702501,768620,858861,930889,969328,975620,974664,996550,998268,1015106,1051305,1079362,1090239,1088791,1060553,1005197,941294,871763
2023-08-03,796846,744339,703377,680295,669659,677471,711546,781025,874717,950778,990389,999945,1003073,1026495,1033708,1040432,1060197,1094742,1096434,1094674,1071405,1022528,962108,893216
2023-08-04,816019,756382,716728,687815,675285,680790,720656,791243,887375,969862,1008769,1009604,1023253,1038264,1044647,1045408,1066339,1082375,1082344,1081727,1062151,1007106,944225,882887
2023-08-05,813879,756167,715684,689832,676467,679928,708066,754715,817891,879089,922921,936491,933920,928944,943112,960280,982670,1031332,1057755,1052934,1036753,988946,929308,867964
2023-08-06,798168,744790,704769,678761,670009,676895,697299,733513,778501,831816,868671,887026,900168,918916,906744,931885,965786,1013260,1037759,1046605,1038086,989606,924910,862636
2023-08-07,795335,746927,711929,690095,679573,688465,723458,787652,876990,957132,989441,996663,993041,1026030,1026259,1032821,1066021,1091813,1096211,1092270,1075297,1022373,959987,894227
2023-08-08,819212,761722,722444,695778,687397,690318,725695,792772,885522,948971,978102,986099,988493,1003252,994733,1008840,1034623,1067747,1065326,1064571,1046726,995756,931588,868029
2023-08-09,795136,743693,705949,680997,670725,675734,707496,780080,871075,949389,980475,983600,970598,969690,961609,953180,951450,958284,959673,960776,936538,883658,831639,781811
2023-08-10,723215,681746,651540,633525,625634,631332,653205,716904,782688,832688,844947,842285,829444,833957,834982,855276,888503,939570,951580,961275,947008,906290,856064,802435
2023-08-11,737570,683439,644229,625063,619373,634384,670976,729104,801698,856738,890201,906558,900359,916801,927629,936319,971384,1005771,1000510,1000242,972369,918034,859615,805970
2023-08-12,743006,694136,660457,636299,629295,639735,660431,693574,741447,793960,836596,856375,867122,883455,886123,897929,935010,966332,983576,993973,974901,926418,869600,811118
2023-08-13,745194,694944,659109,635694,625850,629384,645188,671738,714493,766931,797017,819172,837410,852306,865576,879927,901578,946980,970310,984435,971351,922736,859818,799074
2023-08-14,730995,681162,651316,631578,622441,635736,668527,727407,803676,868493,911442,933174,943296,958414,948760,954748,981244,1015501,1017667,1014820,985671,931023,874292,818506
2023-08-15,754494,705578,669569,647441,637240,646255,667982,703537,750160,814197,849225,859748,855686,851282,858738,873138,910475,958948,977868,993092,976145,924994,865178,807629
2023-08-16,743377,693688,659505,640805,635679,646760,684393,752160,853566,921743,938017,915548,916006,945351,960798,980098,1002552,1028142,1037325,1036999,1007624,946290,885379,827795
2023-08-17,756936,708117,674312,648890,640222,649545,684032,743684,827563,901388,948011,975439,982222,1011686,1004377,966102,967557,987071,997009,999909,970934,914045,858137,802173
2023-08-18,736184,686516,654563,632916,628780,640253,679507,746095,828210,891404,935598,936600,932292,967801,981721,970799,987637,1014606,1007391,1012016,986252,934246,877844,826817
2023-08-19,768045,717425,677300,653660,643291,652232,678024,719183,777529,829461,864344,881607,886009,906935,922643,921351,939105,972588,991800,999149,977013,926285,868638,814937
2023-08-20,749507,700170,664443,641981,630768,637559,655826,669942,727168,780480,817341,835050,854360,872992,882569,894475,926222,967986,991662,1004592,987886,933316,858978,804749
2023-08-21,738638,692235,660045,640630,634416,650948,693254,766980,860128,930721,962349,976437,983422,1012945,1016018,1028232,1048702,1065903,1060320,1060907,1025832,965265,899037,852964
2023-08-22,796850,721835,686209,662806,655158,666192,698044,767257,859558,926761,946890,940487,945770,965756,997681,998769,1018042,1035709,1033248,1040430,1011551,956308,897655,841265
2023-08-23,770719,718263,684291,661512,653759,668843,698178,765854,847547,913767,957172,974244,974367,980905,980647,962121,947659,951151,950953,957642,936222,883863,835902,785598
2023-08-24,723482,678721,650824,631849,626213,640702,676999,754287,847234,914188,934702,915040,905559,907462,911994,899093,914226,938107,946304,949619,919203,866558,812097,764112
2023-08-25,703472,657948,630390,611066,602568,615285,652463,706195,775968,828820,852087,860730,860582,882132,896566,910801,932339,947373,942519,947039,917810,861598,810707,761291
2023-08-26,703481,656682,625610,603339,595769,608960,629702,651014,684868,721536,750502,758537,763264,783396,802085,808436,839143,884433,902766,914422,889198,841378,790401,742257
2023-08-27,685503,643522,610260,592366,589093,600223,615318,637658,671134,716348,747953,762406,775730,801170,811624,834542,876047,923855,942218,954687,932148,883236,828639,778618
2023-08-28,715709,676390,648564,629782,622700,634823,669488,747188,834788,897166,921436,933277,951729,963637,967291,986792,992637,1003586,1003434,1009882,973889,918655,861677,802008
2023-08-29,739185,694818,661903,640622,636125,646423,685187,761883,844347,905302,926728,942457,952206,981132,984618,989829,979631,978873,980608,992288,959028,902910,847471,793036
2023-08-30,730477,683566,654954,631135,629454,644349,675927,760238,852940,914729,937435,929986,906561,894755,865612,879743,886735,884151,876330,883497,853856,807702,764013,716426
2023-08-31,671303,628127,600529,583819,580045,596828,629138,689574,755926,794066,819087,810226,791915,810261,829696,848792,854531,872628,884965,890998,864955,819443,775146,733803
2023-09-01,676803,636803,608006,588079,584287,596389,626774,703674,778657,820206,871409,878293,871987,898994,899628,886355,878849,888305,881747,897276,880430,836734,796892,757224
2023-09-02,704337,661538,632087,606112,599265,609831,626341,654214,714058,751493,768227,796130,796739,784713,800650,810460,847433,893441,907304,913651,890922,844842,798896,754828
2023-09-03,704855,659923,630403,611188,600094,610799,627273,655509,691637,737877,763045,778447,795745,807308,821586,843367,879189,914057,932678,936084,905501,854048,800839,750348
2023-09-04,690752,644835,619173,601070,593155,610972,649510,719760,804442,859079,882712,887136,888010,914186,919865,928686,955411,983114,981236,975885,938096,879821,826798,773924
2023-09-05,711801,666938,637280,617405,613037,625891,662059,740345,798268,843262,856540,848382,868211,871876,871120,883988,912423,947157,940253,931387,891761,840697,794743,747710
2023-09-06,686971,648107,619392,599834,595729,613722,651204,710255,773785,816224,835849,840661,836432,859846,873315,890510,923329,957280,962234,961933,925986,870216,817365,761155
2023-09-07,702149,663569,632175,611166,607044,617260,650727,708418,762373,803242,815226,812883,804568,818788,823588,832221,864669,899522,903925,907825,873987,827066,782153,736348
2023-09-08,684362,644507,616285,595609,591165,601753,635088,684328,737865,770289,781737,779748,771020,790638,803990,822944,850502,876270,879596,880133,842801,795606,754231,718540
2023-09-09,662473,622298,596612,578430,573185,586628,607045,628551,661553,698639,719899,727044,724756,737380,747231,759126,791823,831716,851278,854085,821198,776023,733434,695312
2023-09-10,645467,607854,583133,566378,563318,576850,590988,608678,623435,662748,694690,712025,721726,720780,722804,741392,781787,815083,838698,849793,820518,771297,729706,687356
2023-09-11,637339,600191,577912,564598,560545,575691,610196,660933,727197,780767,803834,807299,802355,839093,850164,867880,894137,912988,913476,916750,881304,823407,765147,727344
2023-09-12,672223,630093,602681,585190,582003,594577,628473,685918,755298,811646,854159,873872,869546,882170,901416,902905,902089,914211,926260,931423,892575,837686,788801,743169
2023-09-13,684252,641291,611982,593608,591270,606012,640192,699052,783400,825553,855443,863170,871271,880462,892944,930782,942369,947777,956161,957588,920490,863369,810284,761806
2023-09-14,701109,654917,623264,602374,598658,614201,647658,718259,798484,863755,884128,876655,864651,861302,861917,839242,859438,870462,875108,878792,854850,813849,776209,735696
2023-09-15,682077,642143,612467,594883,592384,608041,643610,705411,782126,837616,864534,865485,862846,884691,902962,911088,941354,970142,973807,970921,938131,884061,831805,786607
2023-09-16,725059,678914,643155,622823,615762,627122,645436,683109,745539,795328,825963,836637,884973,868468,830043,795629,825164,868613,889731,895822,868013,825607,781669,743536
2023-09-17,691396,649997,618309,599467,593086,602668,618088,644261,700624,733021,752170,757976,770061,769115,781617,801301,813987,837946,863353,865923,836352,790115,752012,711902
2023-09-18,656971,618034,590505,576009,573317,591000,624467,681228,764172,819489,833669,837321,826459,846966,860452,876810,895108,914960,918043,913636,877211,822139,775325,725210
2023-09-19,665352,626804,598139,580062,576756,591648,626129,676981,733992,781099,817271,806408,810542,853531,870045,849078,870291,897378,907841,906014,869132,812565,765730,720987
2023-09-20,665964,628543,600674,586519,582054,595328,631551,696445,780627,836811,857316,873154,871481,908206,917965,923478,924145,937328,950846,955813,925331,867029,797917,744413
2023-09-21,683202,638399,607997,588194,583331,597658,626413,676932,720322,738668,743973,731484,747789,782262,773951,788007,801359,823618,828146,826600,803490,758036,725783,688198
2023-09-22,636678,602068,576422,557327,554267,570327,603948,663180,731399,767951,765559,754428,740790,789468,786832,780986,783254,798931,813562,813235,791245,754798,724462,685824
2023-09-23,634364,596441,571671,555876,550147,561823,582592,601291,615865,648645,652008,659929,692071,690973,682009,699322,718052,737215,760094,764448,740896,708169,681981,655875
2023-09-24,610223,577072,552919,540027,536440,547926,569822,588448,613387,614391,618336,628100,621426,628975,664853,673346,706234,731504,760387,769142,744326,712713,682884,645929
2023-09-25,602777,571545,549913,534572,536699,554831,584915,643301,690833,736533,749038,751189,753898,798988,828552,815374,824156,846304,854047,851109,818202,771383,727067,686990
2023-09-26,636996,600385,573228,556380,553313,568481,601646,648055,707049,771106,781474,765052,764805,792583,813832,822743,829945,847513,851586,850373,821192,777623,738682,697871
2023-09-27,645690,605478,579798,564775,562490,575409,604494,651267,700770,728072,734548,729433,735665,754365,769920,784095,799633,816383,826688,825547,803827,768221,734218,697522
2023-09-28,644691,606161,580338,562054,557639,567890,591029,616767,645578,659290,711090,694168,654645,669991,671891,693899,724407,758778,775534,775697,756639,725649,694935,660190
2023-09-29,609173,572374,549978,533301,526137,534549,562800,575006,563197,546121,537653,531920,538566,556226,578018,612026,646906,688405,718464,721629,711725,688348,663209,630957
2023-09-30,586306,555369,535747,520054,517086,529672,546457,571579,610638,632482,645953,624880,622436,630656,627833,602030,625003,657524,696013,703690,692645,670205,646415,620962
2023-10-01,574.953,544.851,522.165,507.333,506.068,517.325,535.139,551.601,557.697,554.649,549.525,531.528,529.898,534.384,541.071,566.221,611.744,662.912,700.958,705.891,690.792,669.883,641.142,612.238
2023-10-02,567.41,533.893,512.487,498.092,496.297,506.638,527.853,551.936,545.418,539.295,529.188,522.901,521.575,532.459,553.807,586.33,634.689,677.653,711.657,709.236,690.304,660.603,636.914,606.476
2023-10-03,566.867,539.643,520.316,506.043,504.358,516.988,538.165,570.843,600.368,636.234,653.801,655.16,653.981,658.182,669.052,674.903,686.422,702.649,725.309,715.769,697.171,665.928,640.055,613.074
2023-10-04,571.203,541.535,519.007,506.815,506.994,521.285,552.686,592.26,613.263,627.971,628.259,619.553,603.247,625.226,636.254,661.293,702.752,738.786,759.502,755.013,731.07,698.176,673.185,637.263
2023-10-05,591.974,555.142,538.723,525.684,524.429,532.895,564.172,611.212,633.715,649.371,607.593,577.289,571.594,591.778,601.695,620.582,666.602,708.999,734.938,732.578,713.578,683.076,657.779,623.813
2023-10-06,580.254,546.409,529.369,515.519,516.143,527.381,554.926,603.757,621.289,654.97,606.049,636.848,612.402,629.805,680.183,681.045,692.048,706.322,729.669,726.364,705.523,678.845,656.81,626.674
2023-10-07,587.703,556.574,530.51,518.434,517.36,530.081,549.619,579.084,614.651,628.985,650.876,646.621,642.771,652.872,666.938,676.632,686.201,699.855,717.585,707.941,690.696,667.687,643.307,624.292
2023-10-08,588.433,550.524,532.91,520.844,519.076,528.109,546.402,571.479,593.756,617.603,600.872,573.229,572.282,574.363,588.233,610.911,646.198,682.326,710.622,704.139,692.878,668.694,646.019,619.062
2023-10-09,578.272,546.085,526.947,514.844,514.072,526.984,548.475,565.457,579.532,571.607,577.045,601.063,616.513,623.747,596.37,642.362,676.441,700.701,728.587,730.51,711.03,682.156,650.439,622.696
2023-10-10,577.964,548.326,528.384,513.754,515.092,533.752,563.763,593.153,606.231,609.324,592.639,589.3,576.998,596.451,637.213,669.787,702.318,728.471,748.047,739.369,721.232,690.346,660.072,633.338
2023-10-11,587.807,556.643,534.571,522.464,522.048,537.717,571.283,605.26,625.51,638.521,623.521,616.858,610.081,634.006,653.673,671.823,697.796,730.628,757.11,748.647,727.526,694.899,666.947,636.613
2023-10-12,594.816,562.939,539.289,525.145,525.089,539.417,573.559,601.533,609.281,610.396,608.455,599.254,586.23,599.967,616.684,638.874,681.053,725.107,750.934,744.525,724.94,693.301,666.985,638.978
2023-10-13,593.353,560.372,537.413,524.763,526.453,540.295,575.776,614.247,640.232,641.766,651.245,616.391,602.672,635.864,662.756,688.594,707.473,727.045,747.658,738.195,722.018,693.981,671.02,645.878
2023-10-14,601.003,566.527,542.354,527.245,525.532,538.289,559.974,572.719,567.243,561.723,556.859,556.152,576.013,576.817,587.316,612.467,641.36,685.567,717.18,715.063,699.681,680.41,647.893,629.232
2023-10-15,590.507,557.011,537.275,523.619,520.524,533.231,552.274,560.141,552.325,544.825,544.852,536.221,536.626,540.366,550.102,574.88,621.65,673.405,710.236,707.838,692.461,666.275,641.696,613.949
2023-10-16,572.681,541.788,516.536,512.264,511.427,529.645,564.041,598.226,613.494,619.571,622.78,613.902,589.533,599.592,618.709,641.629,678.451,719.222,740.029,733.823,713.918,684.188,660.004,629.486
2023-10-17,588.464,555.5,534.635,524.339,523.153,535.383,571.973,602.138,605.926,597.31,581.668,568.958,559.453,577.791,589.56,623.176,668.908,714.591,738.763,733.168,714.45,684.632,658.437,630.057
2023-10-18,583.873,553.266,530.613,518.293,518.401,535.563,569.296,599.986,604.271,597.045,593.262,580.198,567.248,592.075,618.098,650.075,685.983,723.766,747.858,741.343,721.261,692.584,666.598,635.939
2023-10-19,591.849,559.777,536.693,522.796,523.806,539.897,573.539,609.17,620.714,618.174,618.656,612.539,607.748,635.116,652.803,672.942,700.202,732.84,757.509,746.968,724.33,694.96,670.562,641.829
2023-10-20,596.57,560.56,543.706,521.878,521.191,540.268,575.514,627.073,663.303,679.374,686.549,658.426,596.286,580.856,582.299,618.935,670.26,712.778,729.634,722.444,701.958,683.055,651.072,638.87
2023-10-21,597.125,564.493,543.072,526.014,525.554,539.119,561.009,573.621,563.044,540.165,524.441,509.739,500.776,513.491,532.276,570.403,616.746,671.8,703.967,700.911,690.346,667.056,645.154,622.868
2023-10-22,582.76,552.751,530.573,516.073,517.303,529.623,549.693,552.401,527.584,510.465,515.117,507.549,499.708,523.888,535.678,574.699,620.513,663.823,700.895,694.7,683.859,658.442,634.31,609.939
2023-10-23,569.207,539.445,522.072,511.619,512.71,530.235,564.505,593.092,596.953,591.303,579.178,567.495,568.896,605.395,618.844,640.287,676.628,715.401,736.717,729.838,711.286,683.537,657.292,629.866
2023-10-24,584.126,553.168,531.376,519.774,523.839,541.785,574.436,607.125,625.559,595.42,608.059,604.718,584.104,590.563,610.937,651.408,691.444,719.949,742.293,733.544,715.27,687.116,663.402,635.49
2023-10-25,590.696,558.066,537.721,527.038,528.34,546.499,578.924,608.202,614.712,612.734,603.942,585.884,574.972,602.654,626.03,650.551,691.946,726.02,747.635,739.799,721.215,692.484,666.688,638.616
2023-10-26,594.844,561.621,539.735,525.94,529.224,546.433,581.375,618.942,630.532,631.895,617.542,599.325,594.704,623.119,635.15,657.641,692.601,729.951,750.65,741.259,720.867,692.143,668.377,643.173
2023-10-27,599.534,564.844,541.424,528.75,529.921,547.06,584.596,617.956,625.383,621.592,595.099,579.977,567.673,581.846,592.357,612.798,665.348,718.009,738.53,731.396,710.453,687.597,664.637,638.911
2023-10-28,595.905,562.579,541.543,526.513,526.301,541.524,567.798,580.244,572.306,560.203,548.8,539.002,528.126,539.399,548.264,576.746,628.004,678.405,709.612,706.704,693.639,672.4,649.967,628.019
2023-10-29,587.163,556.175,537.492,523.701,524.571,536.645,558.629,565.84,548.06,533.548,526.927,530.036,529.377,536.923,563.133,593.398,627.668,679.53,713.232,707.572,693.535,669.621,647.877,622.404
2023-10-30,579.048,548.25,528.898,516.718,519.669,537.215,571.142,606.48,611.106,612.939,609.499,596.976,591.012,625.403,637.243,658.911,691.728,725.348,743.042,734.564,716.306,688.266,661.539,634.002
2023-10-31,590.371,558.344,536.957,524.601,526.234,544.659,578.959,610.17,610.055,600.561,589.964,575.739,564.904,588.956,612.075,639.894,681.42,720.276,739.799,731.179,714.041,681.806,658.832,631.15
2023-11-01,589.879,558.763,538.853,522.717,524.389,541.334,571.774,608.328,614.033,606.75,593.674,586.47,577.886,602.148,619.551,650.282,688.805,729.451,742.667,733.515,713.53,686.652,662.489,635.395
2023-11-02,591.037,560.176,538.279,524.496,526.579,544.421,577.576,608.938,613.457,609.083,599.19,589.612,581.212,606.287,624.429,652.355,697.038,739.577,750.253,739.326,717.598,686.939,663.659,638.11
2023-11-03,594.972,562.802,542.599,526.189,529.522,544.495,576.887,612.044,616.641,617.289,619.697,614.848,614.822,652.284,664.801,686.961,713.783,745.884,757.915,746.153,723.914,691.602,664.375,640.349
2023-11-04,597.732,565.499,542.317,527.433,527.797,541.224,565.487,580.218,584.392,597.837,612.183,628.924,637.168,640.019,640.173,655.251,677.833,723.456,739.741,728.724,706.052,676.563,654.112,628.665
2023-11-05,589.652,560.018,537.319,525.257,521.785,536.649,557.791,577.439,600.091,628.165,630.734,649.984,628.435,627.694,644.311,653.871,677.955,714.21,732.178,731.044,708.619,678.33,656.206,625.804
2023-11-06,583.161,558.352,533.923,528.363,533.992,545.164,575.251,618.791,668.418,689.161,708.126,706.425,682.395,687.946,685.724,690.981,694.858,723.232,733.686,722.288,702.579,674.593,649.926,626.891
2023-11-07,583.57,552.251,531.035,516.142,518.821,534.185,571.04,611.095,618.18,597.986,605.651,594.466,585.143,607.568,614.271,639.478,675.595,717.467,732.856,726.734,708.632,680.587,659.471,633.543
2023-11-08,590.195,559.385,539.092,526.066,526.501,542.662,578.767,615.207,624.194,616.093,600.967,568.762,553.903,579.484,596.388,627.948,668.624,717.958,732.326,725.955,708.95,680.708,657.607,630.057
2023-11-09,587.032,554.948,534.779,523.363,524.794,542.959,578.614,613.356,625.172,632.006,636.572,634.554,650.881,685.585,686.987,686.929,701.518,729.11,740.666,730.1,711.779,687.179,662.385,637.009
2023-11-10,594.664,563.248,535.565,520.589,527.967,545.505,578.764,623.983,662.835,674.07,678.353,643.464,619.168,632.632,630.347,642.086,649.606,723.148,738.361,730.923,718.777,692.835,674.328,656.582
2023-11-11,612.025,579.075,558.259,548.237,548.066,562.993,581.834,599.231,596.441,562.428,551.494,535.591,527.836,543.9,592.826,621.029,660.532,712.361,733.558,724.658,710.885,686.311,664.089,643.396
2023-11-12,607.361,576.281,552.744,540.14,540.466,553.533,578.076,593.5,611.368,592.523,613.065,576.242,576.8,617.353,632.997,643.582,669.263,721.886,741.971,731.321,716.959,690.596,672.459,648.635
2023-11-13,610.09,577.316,555.258,549.756,550.819,565.23,605.818,652.129,686.85,700.091,697.709,676.651,674.297,695.502,706.883,718.517,742.767,789.651,796.226,782.581,761.349,727.924,703.79,683.23
2023-11-14,635.894,597.236,577.858,564.007,564.396,582.312,615.201,661.52,696.918,703.796,692.582,697.537,674.208,690.792,702.084,706.262,730.198,773.191,785.601,772.941,754.614,725.115,699.369,677.619
2023-11-15,632.163,594.039,572.046,561.478,562.837,580.25,617.523,660.121,659.659,648.564,626.982,592.241,577.848,598.943,605.092,628.173,684.845,747.088,766.898,761.153,747.879,724.036,703.121,678.8
2023-11-16,633.861,602.294,579.912,564.898,564.351,582.094,613.759,654.343,707.574,733.094,730.177,700.787,730.291,767.433,777.146,785.781,793.505,809.503,797.726,789.102,765.519,734.761,713.31,686.756
2023-11-17,645.117,607.177,586.591,569.605,580.102,590.873,630.831,676.374,723.99,732.569,707.655,664.013,688.325,752.465,743.952,786.218,804.033,829.44,824.647,814.34,785.718,751.209,742.604,723.52
2023-11-18,677.836,641.38,616.57,604.377,600.325,617.596,639.454,664.153,680.153,683.805,708.149,719.028,708.253,721.812,718.641,723.6,744.597,792.778,800.27,788.552,767.403,742.71,720.711,713.684
2023-11-19,666.577,632.502,605.493,591.389,591.588,603.573,625.692,631.82,612.212,591.812,576.564,550.202,531.061,532.515,546.709,585.245,646.905,726.525,754.249,747.459,734.824,712.198,694.191,672.674
2023-11-20,626.396,591.918,570.281,562.481,566.147,584.329,619.661,667.076,670.946,649.593,625.923,601.826,576.28,596.908,613.602,648.878,702.69,769.668,792.418,788.963,772.732,744.968,725.513,701.675
2023-11-21,654.189,620.659,596.875,586.542,586.634,605.774,639.204,681.008,686.989,659.291,633.263,601.656,587.218,619.652,636.692,664.109,706.807,760.286,781.577,777.325,762.679,738.795,718.104,693.15
2023-11-22,642.78,607.411,585.276,572.33,572.113,592.246,631.052,672.963,675.739,642.547,622.461,594.356,566.696,585.681,606.514,642.265,696.974,752.646,775.675,767.174,744.85,719.635,696.396,672.725
2023-11-23,624.251,586.581,568.12,558.084,558.233,574.64,610.851,650.611,680.593,663.85,636.807,610.596,607.746,619.887,629.24,657.006,703.225,752.67,779.37,769.686,751.246,724.558,712.523,691.013
2023-11-24,647.942,613.461,590.547,574.217,580.882,600.754,638.839,690.65,738.077,754.191,755.775,727.331,722.504,745.119,754.124,762.067,792.597,834.48,837.501,825.381,800.58,770.851,750.913,730.178
2023-11-25,683.407,647.292,624.373,610.408,611.02,626.876,654.73,677.631,674.152,669.857,660.513,625.631,602.843,607.349,630.734,654.458,710.427,776.584,798.51,791.786,774.706,750.854,730.949,713.954
2023-11-26,672.498,637.512,617.549,604.176,603.083,620.76,644.807,655.616,631.813,588.583,569.363,547.722,536.447,549.093,572.647,597.911,650.965,735.953,771.261,769.969,759.276,733.845,720.45,695.059
2023-11-27,644.323,607.764,587.511,575.111,575.164,592.392,625.27,679.219,734.371,767.869,774.782,717.463,675.016,679.233,688.741,715.324,754.3,803.883,813.725,803.001,779.592,749.935,731.21,709.431
2023-11-28,655.734,615.908,600.652,592.875,592.687,608.531,646.436,704.188,738.407,742.324,740.069,715.21,696.06,701.745,697.904,708.358,750.395,819.15,834.464,830.14,812.545,781.743,762.252,736.965
2023-11-29,686.397,643.226,612.956,601.467,606.529,627.315,662.997,707.61,725.473,712.535,733.432,674.263,660.304,686.568,717.468,734.484,769.509,808.963,809.524,797.565,775.744,746.797,732.743,715.652
2023-11-30,670.143,637.431,616.662,605.339,611.894,636.467,673.995,732.892,792.421,826.455,848.859,835.52,806.878,831.008,837.036,838.306,850.281,894.522,887.606,872.384,844.648,805.994,782.035,759.805
2023-12-01,713.657,672.828,645.484,632.378,632.175,649.997,683.647,743.534,813.194,863.176,854.082,847.092,827.251,847.524,870.392,865.008,870.294,899.449,865.886,873.997,845.396,812.072,783.608,768.544
2023-12-02,720.284,682.265,657.314,642.061,638.143,652.541,679.662,706.34,714.423,704.536,711.931,700.411,686.796,711.415,718.394,716.294,767.143,815.424,817.642,805.174,787.363,765.986,749.236,737.312
2023-12-03,693.452,657.809,633.838,618.437,618.539,630.349,653.828,669.076,675.816,679.177,643.075,601.269,574.853,575.643,595.661,622.764,680.9,767.826,804.378,802.759,789.5,765.412,749.596,729.965
2023-12-04,684.743,650.503,629.95,619.498,624.594,644.978,685.343,740.697,761.462,720.355,690.062,667.849,656.54,686.787,709.849,735.776,768.209,832.812,846.059,837.199,818.427,782.155,756.586,731.92
2023-12-05,679.942,639.899,618.34,606.489,609.359,628.879,667.994,725.736,744.928,692.679,657.442,628.626,602.854,619.872,636.845,672.622,726.424,801.164,828.372,823.811,807.601,781.342,761.711,740
2023-12-06,691.711,654.304,630.07,619.592,620.265,634.549,669.105,723.673,757.759,710.518,677.81,682.423,626.241,677.393,705.86,718.741,718.138,798.639,811.866,811.619,799.588,773.007,750.284,729.998
2023-12-07,680.898,644.915,622.613,618.044,623.798,644.704,683.55,736.961,741.569,693.711,658.923,628.281,601.91,626.904,641.766,675.164,730.807,807.698,839.344,833.165,812.303,781.62,759.448,732.828
2023-12-08,683.791,647.922,619.087,601.673,605.884,625.51,662.108,711.788,726.136,685.903,663.793,630.848,608.549,616.442,637.678,665.789,711.313,765.854,777.809,768.771,756.133,732.483,712.413,699.945
2023-12-09,651.977,616.946,592.761,580.61,583.278,600.948,623.87,646.423,651.762,634.082,621.839,609.542,579.083,589.518,609.407,627.556,654.36,709.481,737.426,732.409,721.676,704.095,691.466,677.258
2023-12-10,637.248,605.738,584.201,575.136,577.606,591.198,615.33,630.63,609.397,588.301,592.092,557.972,549.539,571.292,595.45,632.034,666.201,715.628,725.202,729.835,711.375,691.46,674.715,654.254
2023-12-11,609.773,585.529,560.668,557.269,555.342,572.598,608.722,666.276,725.235,750.329,748.973,748.448,743.49,761.742,746.08,732.348,740.622,775.178,770.81,763.048,748.244,723.692,707.547,686.704
2023-12-12,643.965,614.105,595.012,582.268,582.286,596.681,635.973,696.397,746.856,772.312,752.675,750.815,728.633,748.995,740.576,736.134,761.97,803.927,812.181,802.189,779.666,749.666,730.43,710.559
2023-12-13,660.882,627.388,609.592,594.766,598.027,612.258,648.646,699.388,735.02,738.025,716.742,688.59,642.8,642.057,655.648,663.937,720.303,767.833,791.242,778.714,759.46,735.872,718.556,698.784
2023-12-14,645.114,608.423,585.612,570.663,573.085,582.97,621.599,672.489,735.072,765.6,761.199,763.613,754.007,757.019,754.076,759.995,765.975,786.766,778.492,763.644,744.469,715.473,698.663,676.007
2023-12-15,633.562,597.882,569.736,558.479,560.332,575.083,610.785,658.008,703.912,732.292,745.34,747.16,735.456,751.674,749.22,744.636,753.397,785.513,783.673,776.038,766.269,748.203,731.457,717.607
2023-12-16,677.979,644.275,623.616,611.514,621.069,637.195,662.634,696.64,744.998,775.122,769.408,751.154,736.066,744.615,768.125,800.851,834.862,876.011,878.6,870.491,854.456,831.321,817.605,807.959
2023-12-17,762.928,727.611,701.523,688.956,687.945,700.039,723.442,746.607,776.308,797.437,813.801,787.801,771.724,782.749,807.108,807.335,849.673,901.692,911.723,899.921,877.305,852.108,831.165,812.099
2023-12-18,764.613,728.936,711.757,697.278,696.92,709.816,746.791,808.75,878.198,881.495,855.58,830.094,828.951,897.137,912.401,912.901,938.369,958.864,946.475,927.234,901.902,864.815,839.925,814.638
2023-12-19,768.037,729.973,705.069,688.12,685.751,696.435,734.126,796.92,880.265,916.983,907.889,908.524,881.521,884.409,859.538,878.827,915.702,947.543,937.005,921.748,900.109,864.754,841.644,817.611
2023-12-20,761.608,724.595,701.891,687.031,686.178,707.18,747.493,814.756,895.272,907.297,881.135,859.211,831.578,862.763,871.436,886.825,942.449,995.475,994.529,982.344,953.242,917.149,887.585,868.151
2023-12-21,819.827,783.18,755.518,741.691,740.935,761.784,799.791,866.964,948.807,1013.408,1029.566,1002.366,951.384,943.662,966.927,1008.519,1008.872,1008.51,999.94,981.949,949.497,910.514,880.152,865.134
2023-12-22,816.682,781.753,757.767,744.741,745.636,759.739,797.042,856.321,937.251,996.489,1012.23,994.271,972.974,965.024,957.781,947.731,962.717,994.073,984.12,961.894,936.626,904.159,884.776,865.827
2023-12-23,816.187,780.113,753.299,738.245,738.173,749.172,777.449,809.77,850.234,866.36,855.215,818.52,808.496,821.28,825.653,828.197,869.786,929.954,946.012,937.752,915.557,883.125,857.524,838.134
2023-12-24,792.043,755.166,736.413,707.102,695.793,714.934,742.289,761.452,769.604,775.038,775.079,753.162,765.754,779.418,795.037,816.804,849.472,905.041,917.861,911.432,889.749,860.926,837.223,820.157
2023-12-25,777.333,739.406,716.809,697.348,699.403,711.697,736.838,761.56,781.144,778.659,778.974,768.224,772.427,765.453,754.106,774.385,813.051,891.869,922.484,913.126,889.591,866.99,854.91,843.056
2023-12-26,796.033,748.719,730.179,714.302,715.449,730.354,770.787,831.234,885.102,852.164,815.833,807.587,785.296,803.529,804.917,818.051,847.025,901.723,925.534,917.67,906.063,872.972,841.05,814.268
2023-12-27,759.853,718.54,696.972,690.159,691.01,706.533,748.612,799.426,856.815,807.169,764.929,722.201,712.657,726.248,733.211,758.946,810.382,863.617,894.218,893.594,886.002,862.861,841.419,813.72
2023-12-28,758.614,719.199,701.711,677.401,670.564,681.971,718.122,786.827,842.587,802.246,765.579,732.506,705.8,725.908,728.285,733.819,795.221,857.678,886.74,883.838,870.338,844.594,821.045,801.733
2023-12-29,756.329,715.578,693.416,676.472,678.786,699.558,734.192,795.222,846.5,829.92,785.338,733.176,695.23,727.082,741.813,751.27,800.242,868.376,906.293,900.186,877.276,854.057,834.904,818.485
2023-12-30,770.424,737.761,709.175,692.175,681.857,698.649,725.6,756.029,769.481,707.774,678.437,630.939,602.789,609.478,639.404,694.095,722.781,773.798,800.47,796.453,786.527,769.237,752.043,732.069
2023-12-31,688.381,656.573,644.498,642.12,644.723,657.5,672.93,694.24,718.595,686.528,670.27,690.204,710.4,728.27,736.228,756.557,780.26,839.183,859.843,854.768,839.323,820.58,808.571,794.973
